{
  "wallpaper": "https://api.likepoems.com/img/bing/",
  "spider": "../public/jar/custom_spider.jar;md5;cc3b3d2ddf389338b62eccd4a938b610",
  "homepage": "https://github.com/hjdhnx/drpy-node",
  "aiLogo": "https://image.baidu.com/search/index?tn=baiduimage&ct=201326592&lm=-1&cl=2&word=%E7%8B%97%E4%BD%9C%E4%B8%BA%E8%BD%AF%E4%BB%B6%E5%9B%BE%E6%A0%87&dyTabStr=MCwxMiwzLDEsMiwxMyw3LDYsNSw5",
  "homeLogo": "https://github.catvod.com/https://raw.githubusercontent.com/hjdhnx/drpy-node/refs/heads/main/public/images/logo500x200-1.png",
  "sniffer": {
    "userAgent": "Mozilla/5.0 (Windows NT 10.0; Win64; x64) AppleWebKit/537.36 (KHTML, like Gecko) Chrome/105.0.0.0 Safari/537.36 Edg/105.0.1343.27",
    "isVideoFormat": "http((?!http).){26,}\\.(m3u8|mp4|flv|avi|mkv|wmv|mpg|mpeg|mov|ts|3gp|rm|rmvb|asf|m4a|mp3|wma)",
    "custom": [
      {
        "url": "/Cloud/Down/AliCloud/",
        "mimeType": "text/html",
        "encoding": "utf-8",
        "header": {
          "Referer": "https://zxzj.vip/"
        }
      },
      {
        "url": "ysting.ysxs8.vip",
        "mimeType": "text/html",
        "encoding": "utf-8",
        "header": {
          "Referer": "http://ysting.ysxs8.vip:81"
        }
      }
    ]
  },
  "recommend": [
    {
      "name": "豆瓣推荐",
      "request": {
        "method": "GET",
        "header": [
          {
            "key": "Referer",
            "value": "https://movie.douban.com/"
          }
        ],
        "url": {
          "raw": "https://movie.douban.com/j/new_search_subjects?sort=U&range=0,10&tags=&playable=1&start=0&year_range=2022,2022"
        }
      },
      "response": {
        "result": "$.data",
        "data": [
          {
            "key": "name",
            "value": "title"
          },
          {
            "key": "note",
            "value": "rate"
          },
          {
            "key": "pic",
            "value": "cover"
          }
        ]
      },
      "expires": "86400"
    }
  ],
  "rating": [
    {
      "name": "rating",
      "request": {
        "method": "GET",
        "url": {
          "raw": "https://api.wmdb.tv/api/v1/movie/search?q={name}&limit=1"
        }
      },
      "response": {
        "result": "this",
        "data": [
          {
            "key": "rating",
            "value": "doubanRating"
          }
        ]
      }
    }
  ],
  "doh": [
    {
      "ips": [
        "8.8.4.4",
        "8.8.8.8"
      ],
      "name": "Google",
      "url": "https://dns.google/dns-query"
    },
    {
      "ips": [
        "1.1.1.1",
        "1.0.0.1",
        "2606:4700:4700::1111",
        "2606:4700:4700::1001"
      ],
      "name": "Cloudflare",
      "url": "https://cloudflare-dns.com/dns-query"
    },
    {
      "ips": [
        "94.140.14.140",
        "94.140.14.141"
      ],
      "name": "AdGuard",
      "url": "https://dns.adguard.com/dns-query"
    },
    {
      "ips": [
        "84.200.69.80",
        "84.200.70.40"
      ],
      "name": "DNSWatch",
      "url": "https://resolver2.dns.watch/dns-query"
    },
    {
      "ips": [
        "9.9.9.9",
        "149.112.112.112"
      ],
      "name": "Quad9",
      "url": "https://dns.quad9.net/dns-quer"
    }
  ],
  "ijk": [
    {
      "group": "软解码",
      "options": [
        {
          "category": 4,
          "name": "opensles",
          "value": "0"
        },
        {
          "category": 4,
          "name": "overlay-format",
          "value": "842225234"
        },
        {
          "category": 4,
          "name": "framedrop",
          "value": "1"
        },
        {
          "category": 4,
          "name": "soundtouch",
          "value": "1"
        },
        {
          "category": 4,
          "name": "start-on-prepared",
          "value": "1"
        },
        {
          "category": 1,
          "name": "http-detect-range-support",
          "value": "0"
        },
        {
          "category": 1,
          "name": "fflags",
          "value": "fastseek"
        },
        {
          "category": 2,
          "name": "skip_loop_filter",
          "value": "48"
        },
        {
          "category": 4,
          "name": "reconnect",
          "value": "1"
        },
        {
          "category": 4,
          "name": "enable-accurate-seek",
          "value": "0"
        },
        {
          "category": 4,
          "name": "mediacodec",
          "value": "0"
        },
        {
          "category": 4,
          "name": "mediacodec-auto-rotate",
          "value": "0"
        },
        {
          "category": 4,
          "name": "mediacodec-handle-resolution-change",
          "value": "0"
        },
        {
          "category": 4,
          "name": "mediacodec-hevc",
          "value": "0"
        },
        {
          "category": 1,
          "name": "dns_cache_timeout",
          "value": "600000000"
        },
        {
          "category": 4,
          "name": "max-buffer-size",
          "value": "15728640"
        }
      ]
    },
    {
      "group": "硬解码",
      "options": [
        {
          "category": 4,
          "name": "opensles",
          "value": "0"
        },
        {
          "category": 4,
          "name": "overlay-format",
          "value": "842225234"
        },
        {
          "category": 4,
          "name": "framedrop",
          "value": "1"
        },
        {
          "category": 4,
          "name": "soundtouch",
          "value": "1"
        },
        {
          "category": 4,
          "name": "start-on-prepared",
          "value": "1"
        },
        {
          "category": 1,
          "name": "http-detect-range-support",
          "value": "0"
        },
        {
          "category": 1,
          "name": "fflags",
          "value": "fastseek"
        },
        {
          "category": 2,
          "name": "skip_loop_filter",
          "value": "48"
        },
        {
          "category": 4,
          "name": "reconnect",
          "value": "1"
        },
        {
          "category": 4,
          "name": "max-buffer-size",
          "value": "15728640"
        },
        {
          "category": 4,
          "name": "enable-accurate-seek",
          "value": "0"
        },
        {
          "category": 4,
          "name": "mediacodec",
          "value": "1"
        },
        {
          "category": 4,
          "name": "mediacodec-auto-rotate",
          "value": "1"
        },
        {
          "category": 4,
          "name": "mediacodec-handle-resolution-change",
          "value": "1"
        },
        {
          "category": 4,
          "name": "mediacodec-hevc",
          "value": "1"
        },
        {
          "category": 1,
          "name": "dns_cache_timeout",
          "value": "600000000"
        }
      ]
    }
  ],
  "rules": [
    {
      "hosts": [
        "raw.githubusercontent.com",
        "googlevideo.com",
        "cdn.v82u1l.com",
        "cdn.iz8qkg.com",
        "cdn.kin6c1.com",
        "c.biggggg.com",
        "c.olddddd.com",
        "haiwaikan.com",
        "www.histar.tv",
        "youtube.com",
        "uhibo.com",
        ".*boku.*",
        ".*nivod.*",
        ".*ulivetv.*",
        "wogg.link",
        "wogg.xyz"
      ],
      "name": "proxy"
    },
    {
      "hosts": [
        "magnet"
      ],
      "name": "cl",
      "regex": [
        "最新",
        "直播",
        "更新"
      ]
    },
    {
      "hosts": [
        "haiwaikan"
      ],
      "name": "海外看",
      "regex": [
        "10.0099",
        "10.3333",
        "16.0599",
        "8.1748",
        "12.33",
        "10.85"
      ]
    },
    {
      "hosts": [
        "suonizy"
      ],
      "name": "索尼",
      "regex": [
        "15.1666",
        "15.2666"
      ]
    },
    {
      "hosts": [
        "bfzy",
        "bfbfvip"
      ],
      "name": "暴風",
      "regex": [
        "#EXTINF.*?\\s+.*?adjump.*?\\.ts\\s+"
      ]
    },
    {
      "hosts": [
        "aws.ulivetv.net"
      ],
      "name": "星星",
      "regex": [
        "#EXT-X-DISCONTINUITY\\r*\\n*#EXTINF:8,[\\s\\S]*?#EXT-X-DISCONTINUITY"
      ]
    },
    {
      "hosts": [
        "vip.lz",
        "hd.lz",
        "v.cdnlz"
      ],
      "name": "量子",
      "regex": [
        "18.5333"
      ]
    },
    {
      "hosts": [
        "vip.ffzy",
        "hd.ffzy"
      ],
      "name": "非凡",
      "regex": [
        "25.1999",
        "25.0666",
        "25.08",
        "20.52"
      ]
    },
    {
      "hosts": [
        "huoshan.com"
      ],
      "name": "火山嗅探",
      "regex": [
        "item_id="
      ]
    },
    {
      "hosts": [
        "douyin.com"
      ],
      "name": "抖音嗅探",
      "regex": [
        "is_play_url="
      ]
    },
    {
      "hosts": [
        "api.52wyb.com"
      ],
      "name": "七新嗅探",
      "regex": [
        "m3u8?pt=m3u8"
      ]
    },
    {
      "hosts": [
        "10086.cn"
      ],
      "name": "czzy",
      "regex": [
        "/storageWeb/servlet/downloadServlet"
      ]
    },
    {
      "exclude": [
        ".m3u8"
      ],
      "hosts": [
        "bytetos.com",
        "byteimg.com",
        "bytednsdoc.com",
        "pstatp.com"
      ],
      "name": "bdys",
      "regex": [
        "/tos-cn"
      ]
    },
    {
      "exclude": [
        ".m3u8"
      ],
      "hosts": [
        "bdys10.com"
      ],
      "name": "bdys10",
      "regex": [
        "/obj/"
      ]
    }
  ],
  "ads": [
    "mimg.0c1q0l.cn",
    "www.googletagmanager.com",
    "www.google-analytics.com",
    "mc.usihnbcq.cn",
    "mg.g1mm3d.cn",
    "mscs.svaeuzh.cn",
    "cnzz.hhttm.top",
    "tp.vinuxhome.com",
    "cnzz.mmstat.com",
    "www.baihuillq.com",
    "s23.cnzz.com",
    "z3.cnzz.com",
    "c.cnzz.com",
    "stj.v1vo.top",
    "z12.cnzz.com",
    "img.mosflower.cn",
    "tips.gamevvip.com",
    "ehwe.yhdtns.com",
    "xdn.cqqc3.com",
    "www.jixunkyy.cn",
    "sp.chemacid.cn",
    "hm.baidu.com",
    "s9.cnzz.com",
    "z6.cnzz.com",
    "um.cavuc.com",
    "mav.mavuz.com",
    "wofwk.aoidf3.com",
    "z5.cnzz.com",
    "xc.hubeijieshikj.cn",
    "tj.tianwenhu.com",
    "xg.gars57.cn",
    "k.jinxiuzhilv.com",
    "cdn.bootcss.com",
    "ppl.xunzhuo123.com",
    "xomk.jiangjunmh.top",
    "img.xunzhuo123.com",
    "z1.cnzz.com",
    "s13.cnzz.com",
    "xg.huataisangao.cn",
    "z7.cnzz.com",
    "xg.huataisangao.cn",
    "z2.cnzz.com",
    "s96.cnzz.com",
    "q11.cnzz.com",
    "thy.dacedsfa.cn",
    "xg.whsbpw.cn",
    "s19.cnzz.com",
    "z8.cnzz.com",
    "s4.cnzz.com",
    "f5w.as12df.top",
    "ae01.alicdn.com",
    "www.92424.cn",
    "k.wudejia.com",
    "vivovip.mmszxc.top",
    "qiu.xixiqiu.com",
    "cdnjs.hnfenxun.com",
    "cms.qdwght.com",
    "wan.51img1.com",
    "iqiyi.hbuioo.com",
    "vip.ffzyad.com",
    "https://lf1-cdn-tos.bytegoofy.com/obj/tos-cn-i-dy/455ccf9e8ae744378118e4bd289288dd"
  ],
  "drives": [
    {
      "name": "阿里",
      "password": "43886374072944a2bcc55a0ed129ab48",
      "type": "alidrive"
    }
  ]
}
