{
    "Appget": {
        "示例": {
            "muban": "模板类型(AppGet,AppQiji)",
            "host": "host和hosturl二填一",
            "hosturl": "域名地址",
            "key": "数据加解密秘钥",
            "iv": "一般同上",
            "verify": "是否启用搜索验证，字符串true或false",
            "username": "APP账号用户名",
            "password": "APP账号密码",
            "会员时长": "会员函数(gzip压缩)",
            "lazyheader": "视频播放请求头,JSON格式"
        },
        "蓝鹰": {
            "muban": "AppQiji",
            "host": "",
            "hosturl": "https://lanyinghz.oss-cn-hangzhou.aliyuncs.com/lanyingxmy.txt",
            "key": "ca94b06ca359d80e",
            "iv": "ca94b06ca359d80e",
            "verify": "true",
            "username": "",
            "password": "",
            "会员时长": "",
            "lazyheader": {}
        }
    },
    "Appmuou": {
        "示例": {
            "host": "",
            "hosturl": "",
            "version": ""
        }
    },
    "AppShark": {
        "示例": {
            "host": "",
            "hosturl": "",
            "key": "",
            "key1": "",
            "key2": "",
            "version": ""
        },
        "光映视界": {
            "host": "",
            "hosturl": "https://ymdtsy.lingutv.cn/shark/api.txt",
            "key": "IKXRx4M6cB45SNTs",
            "key1": "rectangleadsadxa",
            "key2": "aassddwwxxllsx1x",
            "version": "2.2.0"
        }
    }
}