{
  "玩偶": [
    "https://wogg.xxooo.cf",
    "https://wogg.333232.xyz",
    "https://woggpan.333232.xyz",
    "https://wogg.heshiheng.top",
    "https://www.wogg.one",
    "https://www.wogg.lol"
  ],
  "至臻": [
    "https://xiaomiai.site",
    "http://mihdr.top",
    "http://www.miqk.cc"
  ],
  "蜡笔": [
    "http://xiaocge.fun",
    "https://feimao666.fun",
    "http://feimao888.fun",
    "http://feimaoai.site",
    "http://www.labi88.sbs",
    "http://fmao.site",
    "https://fmao.shop"
  ],
  "木偶": [
    "http://123.666291.xyz",
    "https://mogg.5568.eu.org",
    "https://mo.666291.xyz",
    "http://666.666291.xyz",
    "https://mo.muouso.fun"
  ],
  "小米": [
    "https://www.54271.fun",
    "https://54271.fun",
    "https://www.mucpan.cc",
    "https://mucpan.cc"
  ],
  "百家": [
    "https://bj.jiexi.news",
    "http://baijia.filegear-sg.me",
    "http://cj.jiexi.news",
    "http://baijia.885525.xyz"
  ],
  "二小": [
    "https://wexwp.cc",
    "https://erxiaofn.click",
    "http://2xiaopan.fun",
    "http://xhww.net",
    "http://www.xhww.net",
    "http://www.2xiaopan.fun"
  ],
  "多多": [
    "https://tv.yydsys.top",
    "https://tv.yydsys.cc"
  ],
  "虎斑": [
    "http://103.45.162.207:20720",
    "http://xsayang.fun:12512"
  ],
  "欧歌": [
    "https://woog.xn--dkw.xn--6qq986b3xl",
    "https://woog.nxog.eu.org"
  ],
  "下饭": [
    "http://154.204.177.231"
  ],
  "闪电": [
    "http://1.95.79.193"
  ],
  "雷鲸": [
    "https://leijing.xyz",
    "https://leijing1.com"
  ],
  "盘它": [
    "https://www.91panta.cn"
  ]
}